Startup Name,Industry,Problem,Solution,Target Market,Revenue Model,Market Size,Expected Growth Rate,Current Revenue,Funding Stage
EcoCharge,CleanTech,EV owners struggle to find affordable charging options in areas with limited charging infrastructure.,Portable solar-powered EV charger for convenient off-grid charging.,EV owners and small businesses,Hardware sales + SaaS subscription,₹25 lakh,12%,₹8 lakh,Seed funding
LearnLoop,EdTech,College students struggle to find personalized learning support.,AI-powered personalized study and revision assistant.,College students,Freemium + subscription,₹15 lakh,18%,₹5 lakh,Seed funding
MediTrack,HealthTech,Patients often forget medication schedules and follow-ups.,Smart medication reminder and health tracking platform.,Patients and caregivers,Subscription + partnerships,₹20 lakh,15%,₹6 lakh,Seed funding
FarmConnect,AgriTech,Farmers face difficulty accessing buyers and getting transparent prices.,Digital marketplace connecting farmers directly with buyers.,Farmers and retailers,Transaction commission,₹30 lakh,10%,₹7 lakh,Angel investment
SkillBridge,EdTech,Students find it difficult to identify job-relevant skills and courses.,Career skill assessment and personalized learning platform.,Students and fresh graduates,Subscription + course commission,₹18 lakh,20%,₹4 lakh,Bootstrapped
StyleMate,FashionTech,Consumers spend too much time deciding what to wear and buy.,AI-based fashion recommendation and virtual styling platform.,Young consumers,Subscription + affiliate commission,₹22 lakh,14%,₹5 lakh,Angel investment
GreenPack,Sustainable Packaging,Small businesses struggle to find affordable eco-friendly packaging.,Custom biodegradable packaging solutions for small businesses.,SMEs and retailers,B2B product sales,₹35 lakh,9%,₹9 lakh,Seed funding
FoodSave,FoodTech,Restaurants and stores waste unsold food at the end of the day.,Platform connecting surplus food with nearby customers and NGOs.,Restaurants and consumers,Commission per transaction,₹28 lakh,16%,₹10 lakh,Angel investment
WaterWise,CleanTech,Households have limited visibility into daily water consumption.,Smart water monitoring and conservation system.,Urban households,Hardware + subscription,₹40 lakh,11%,₹12 lakh,Seed funding
BizPilot,BusinessTech,"Small businesses struggle to organize sales, expenses and customer data.",Simple AI-powered business management dashboard.,Small businesses,Monthly SaaS subscription,₹25 lakh,22%,₹8 lakh,Bootstrapped
TravelEase,TravelTech,Budget travelers struggle to plan personalized trips within their budget.,AI travel planner with itinerary and budget optimization.,Students and budget travelers,Subscription + affiliate revenue,₹17 lakh,13%,₹3 lakh,Bootstrapped
PetCare Plus,PetTech,Pet owners find it difficult to manage vaccination and health records.,Digital pet health record and reminder platform.,Pet owners,Subscription + veterinary partnerships,₹12 lakh,19%,₹2 lakh,Angel investment
